smileys	😀
smileys	😃
smileys	😄
smileys	😁
smileys	😆
smileys	😅
smileys	🤣
smileys	😂
smileys	🙂
smileys	🙃
smileys	🫠
smileys	😉
smileys	😊
smileys	😇
smileys	🥰
smileys	😍
smileys	🤩
smileys	😘
smileys	😗
smileys	☺️
smileys	😚
smileys	😙
smileys	🥲
smileys	😋
smileys	😛
smileys	😜
smileys	🤪
smileys	😝
smileys	🤑
smileys	🤗
smileys	🤭
smileys	🫢
smileys	🫣
smileys	🤫
smileys	🤔
smileys	🫡
smileys	🤐
smileys	🤨
smileys	😐
smileys	😑
smileys	😶
smileys	🫥
smileys	😶‍🌫️
smileys	😏
smileys	😒
smileys	🙄
smileys	😬
smileys	😮‍💨
smileys	🤥
smileys	🫨
smileys	🙂‍↔️
smileys	🙂‍↕️
smileys	😌
smileys	😔
smileys	😪
smileys	🤤
smileys	😴
smileys	🫩
smileys	😷
smileys	🤒
smileys	🤕
smileys	🤢
smileys	🤮
smileys	🤧
smileys	🥵
smileys	🥶
smileys	🥴
smileys	😵
smileys	😵‍💫
smileys	🤯
smileys	🤠
smileys	🥳
smileys	🥸
smileys	😎
smileys	🤓
smileys	🧐
smileys	😕
smileys	🫤
smileys	😟
smileys	🙁
smileys	☹️
smileys	😮
smileys	😯
smileys	😲
smileys	😳
smileys	🫪
smileys	🥺
smileys	🥹
smileys	😦
smileys	😧
smileys	😨
smileys	😰
smileys	😥
smileys	😢
smileys	😭
smileys	😱
smileys	😖
smileys	😣
smileys	😞
smileys	😓
smileys	😩
smileys	😫
smileys	🥱
smileys	😤
smileys	😡
smileys	😠
smileys	🤬
smileys	😈
smileys	👿
smileys	💀
smileys	☠️
smileys	💩
smileys	🤡
smileys	👹
smileys	👺
smileys	👻
smileys	👽
smileys	👾
smileys	🤖
smileys	😺
smileys	😸
smileys	😹
smileys	😻
smileys	😼
smileys	😽
smileys	🙀
smileys	😿
smileys	😾
smileys	🙈
smileys	🙉
smileys	🙊
smileys	💌
smileys	💘
smileys	💝
smileys	💖
smileys	💗
smileys	💓
smileys	💞
smileys	💕
smileys	💟
smileys	❣️
smileys	💔
smileys	❤️‍🔥
smileys	❤️‍🩹
smileys	❤️
smileys	🩷
smileys	🧡
smileys	💛
smileys	💚
smileys	💙
smileys	🩵
smileys	💜
smileys	🤎
smileys	🖤
smileys	🩶
smileys	🤍
smileys	💋
smileys	💯
smileys	💢
smileys	🫯
smileys	💥
smileys	💫
smileys	💦
smileys	💨
smileys	🕳️
smileys	💬
smileys	👁️‍🗨️
smileys	🗨️
smileys	🗯️
smileys	💭
smileys	💤
smileys	👋
smileys	🤚
smileys	🖐️
smileys	✋
smileys	🖖
smileys	🫱
smileys	🫲
smileys	🫳
smileys	🫴
smileys	🫷
smileys	🫸
smileys	👌
smileys	🤌
smileys	🤏
smileys	✌️
smileys	🤞
smileys	🫰
smileys	🤟
smileys	🤘
smileys	🤙
smileys	👈
smileys	👉
smileys	👆
smileys	🖕
smileys	👇
smileys	☝️
smileys	🫵
smileys	👍
smileys	👎
smileys	✊
smileys	👊
smileys	🤛
smileys	🤜
smileys	👏
smileys	🙌
smileys	🫶
smileys	👐
smileys	🤲
smileys	🤝
smileys	🙏
smileys	✍️
smileys	💅
smileys	🤳
smileys	💪
smileys	🦾
smileys	🦿
smileys	🦵
smileys	🦶
smileys	👂
smileys	🦻
smileys	👃
smileys	🧠
smileys	🫀
smileys	🫁
smileys	🦷
smileys	🦴
smileys	👀
smileys	👁️
smileys	👅
smileys	👄
smileys	🫦
smileys	👶
smileys	🧒
smileys	👦
smileys	👧
smileys	🧑
smileys	👨
smileys	🧔
smileys	🧔‍♂️
smileys	🧔‍♀️
smileys	👨‍🦰
smileys	👨‍🦱
smileys	👨‍🦳
smileys	👨‍🦲
smileys	👩
smileys	👩‍🦰
smileys	🧑‍🦰
smileys	👩‍🦱
smileys	🧑‍🦱
smileys	👩‍🦳
smileys	🧑‍🦳
smileys	👩‍🦲
smileys	🧑‍🦲
smileys	👱‍♀️
smileys	👱‍♂️
smileys	🧓
smileys	👴
smileys	👵
smileys	🙍‍♂️
smileys	🙍‍♀️
smileys	🙎‍♂️
smileys	🙎‍♀️
smileys	🙅‍♂️
smileys	🙅‍♀️
smileys	🙆‍♂️
smileys	🙆‍♀️
smileys	💁‍♂️
smileys	💁‍♀️
smileys	🙋‍♂️
smileys	🙋‍♀️
smileys	🧏
smileys	🧏‍♂️
smileys	🧏‍♀️
smileys	🙇
smileys	🙇‍♂️
smileys	🙇‍♀️
smileys	🤦
smileys	🤦‍♂️
smileys	🤦‍♀️
smileys	🤷
smileys	🤷‍♂️
smileys	🤷‍♀️
smileys	🧑‍⚕️
smileys	👨‍⚕️
smileys	👩‍⚕️
smileys	🧑‍🎓
smileys	👨‍🎓
smileys	👩‍🎓
smileys	🧑‍🏫
smileys	👨‍🏫
smileys	👩‍🏫
smileys	🧑‍⚖️
smileys	👨‍⚖️
smileys	👩‍⚖️
smileys	🧑‍🌾
smileys	👨‍🌾
smileys	👩‍🌾
smileys	🧑‍🍳
smileys	👨‍🍳
smileys	👩‍🍳
smileys	🧑‍🔧
smileys	👨‍🔧
smileys	👩‍🔧
smileys	🧑‍🏭
smileys	👨‍🏭
smileys	👩‍🏭
smileys	🧑‍💼
smileys	👨‍💼
smileys	👩‍💼
smileys	🧑‍🔬
smileys	👨‍🔬
smileys	👩‍🔬
smileys	🧑‍💻
smileys	👨‍💻
smileys	👩‍💻
smileys	🧑‍🎤
smileys	👨‍🎤
smileys	👩‍🎤
smileys	🧑‍🎨
smileys	👨‍🎨
smileys	👩‍🎨
smileys	🧑‍✈️
smileys	👨‍✈️
smileys	👩‍✈️
smileys	🧑‍🚀
smileys	👨‍🚀
smileys	👩‍🚀
smileys	🧑‍🚒
smileys	👨‍🚒
smileys	👩‍🚒
smileys	👮‍♂️
smileys	👮‍♀️
smileys	🕵️‍♂️
smileys	🕵️‍♀️
smileys	💂‍♂️
smileys	💂‍♀️
smileys	🥷
smileys	👷‍♂️
smileys	👷‍♀️
smileys	🫅
smileys	🤴
smileys	👸
smileys	👳‍♂️
smileys	👳‍♀️
smileys	👲
smileys	🧕
smileys	🤵
smileys	🤵‍♂️
smileys	🤵‍♀️
smileys	👰
smileys	👰‍♂️
smileys	👰‍♀️
smileys	🤰
smileys	🫃
smileys	🫄
smileys	🤱
smileys	👩‍🍼
smileys	👨‍🍼
smileys	🧑‍🍼
smileys	👼
smileys	🎅
smileys	🤶
smileys	🧑‍🎄
smileys	🦸
smileys	🦸‍♂️
smileys	🦸‍♀️
smileys	🦹
smileys	🦹‍♂️
smileys	🦹‍♀️
smileys	🧙‍♂️
smileys	🧙‍♀️
smileys	🧚‍♂️
smileys	🧚‍♀️
smileys	🧛‍♂️
smileys	🧛‍♀️
smileys	🧜‍♂️
smileys	🧜‍♀️
smileys	🧝‍♂️
smileys	🧝‍♀️
smileys	🧞‍♂️
smileys	🧞‍♀️
smileys	🧟‍♂️
smileys	🧟‍♀️
smileys	🧌
smileys	🫈
smileys	💆‍♂️
smileys	💆‍♀️
smileys	💇‍♂️
smileys	💇‍♀️
smileys	🚶‍♂️
smileys	🚶‍♀️
smileys	🚶‍➡️
smileys	🚶‍♀️‍➡️
smileys	🚶‍♂️‍➡️
smileys	🧍
smileys	🧍‍♂️
smileys	🧍‍♀️
smileys	🧎
smileys	🧎‍♂️
smileys	🧎‍♀️
smileys	🧎‍➡️
smileys	🧎‍♀️‍➡️
smileys	🧎‍♂️‍➡️
smileys	🧑‍🦯
smileys	🧑‍🦯‍➡️
smileys	👨‍🦯
smileys	👨‍🦯‍➡️
smileys	👩‍🦯
smileys	👩‍🦯‍➡️
smileys	🧑‍🦼
smileys	🧑‍🦼‍➡️
smileys	👨‍🦼
smileys	👨‍🦼‍➡️
smileys	👩‍🦼
smileys	👩‍🦼‍➡️
smileys	🧑‍🦽
smileys	🧑‍🦽‍➡️
smileys	👨‍🦽
smileys	👨‍🦽‍➡️
smileys	👩‍🦽
smileys	👩‍🦽‍➡️
smileys	🏃‍♂️
smileys	🏃‍♀️
smileys	🏃‍➡️
smileys	🏃‍♀️‍➡️
smileys	🏃‍♂️‍➡️
smileys	🧑‍🩰
smileys	💃
smileys	🕺
smileys	🕴️
smileys	👯‍♂️
smileys	👯‍♀️
smileys	🧖‍♂️
smileys	🧖‍♀️
smileys	🧗‍♂️
smileys	🧗‍♀️
smileys	🤺
smileys	🏇
smileys	⛷️
smileys	🏂
smileys	🏌️‍♂️
smileys	🏌️‍♀️
smileys	🏄‍♂️
smileys	🏄‍♀️
smileys	🚣‍♂️
smileys	🚣‍♀️
smileys	🏊‍♂️
smileys	🏊‍♀️
smileys	⛹️‍♂️
smileys	⛹️‍♀️
smileys	🏋️‍♂️
smileys	🏋️‍♀️
smileys	🚴‍♂️
smileys	🚴‍♀️
smileys	🚵‍♂️
smileys	🚵‍♀️
smileys	🤸
smileys	🤸‍♂️
smileys	🤸‍♀️
smileys	🤼
smileys	🤼‍♂️
smileys	🤼‍♀️
smileys	🤽
smileys	🤽‍♂️
smileys	🤽‍♀️
smileys	🤾
smileys	🤾‍♂️
smileys	🤾‍♀️
smileys	🤹
smileys	🤹‍♂️
smileys	🤹‍♀️
smileys	🧘‍♂️
smileys	🧘‍♀️
smileys	🛀
smileys	🛌
smileys	🧑‍🤝‍🧑
smileys	👭
smileys	👫
smileys	👬
smileys	💏
smileys	👩‍❤️‍💋‍👨
smileys	👨‍❤️‍💋‍👨
smileys	👩‍❤️‍💋‍👩
smileys	💑
smileys	👩‍❤️‍👨
smileys	👨‍❤️‍👨
smileys	👩‍❤️‍👩
smileys	👨‍👩‍👦
smileys	👨‍👩‍👧
smileys	👨‍👩‍👧‍👦
smileys	👨‍👩‍👦‍👦
smileys	👨‍👩‍👧‍👧
smileys	👨‍👨‍👦
smileys	👨‍👨‍👧
smileys	👨‍👨‍👧‍👦
smileys	👨‍👨‍👦‍👦
smileys	👨‍👨‍👧‍👧
smileys	👩‍👩‍👦
smileys	👩‍👩‍👧
smileys	👩‍👩‍👧‍👦
smileys	👩‍👩‍👦‍👦
smileys	👩‍👩‍👧‍👧
smileys	👨‍👦
smileys	👨‍👦‍👦
smileys	👨‍👧
smileys	👨‍👧‍👦
smileys	👨‍👧‍👧
smileys	👩‍👦
smileys	👩‍👦‍👦
smileys	👩‍👧
smileys	👩‍👧‍👦
smileys	👩‍👧‍👧
smileys	🗣️
smileys	👤
smileys	👥
smileys	🫂
smileys	🧑‍🧑‍🧒
smileys	🧑‍🧑‍🧒‍🧒
smileys	🧑‍🧒
smileys	🧑‍🧒‍🧒
smileys	👣
smileys	🫆
animals	🐵
animals	🐒
animals	🦍
animals	🦧
animals	🐶
animals	🐕
animals	🦮
animals	🐕‍🦺
animals	🐩
animals	🐺
animals	🦊
animals	🦝
animals	🐱
animals	🐈
animals	🐈‍⬛
animals	🦁
animals	🐯
animals	🐅
animals	🐆
animals	🐴
animals	🫎
animals	🫏
animals	🐎
animals	🦄
animals	🦓
animals	🦌
animals	🦬
animals	🐮
animals	🐂
animals	🐃
animals	🐄
animals	🐷
animals	🐖
animals	🐗
animals	🐽
animals	🐏
animals	🐑
animals	🐐
animals	🐪
animals	🐫
animals	🦙
animals	🦒
animals	🐘
animals	🦣
animals	🦏
animals	🦛
animals	🐭
animals	🐁
animals	🐀
animals	🐹
animals	🐰
animals	🐇
animals	🐿️
animals	🦫
animals	🦔
animals	🦇
animals	🐻
animals	🐻‍❄️
animals	🐨
animals	🐼
animals	🦥
animals	🦦
animals	🦨
animals	🦘
animals	🦡
animals	🐾
animals	🦃
animals	🐔
animals	🐓
animals	🐣
animals	🐤
animals	🐥
animals	🐦
animals	🐧
animals	🕊️
animals	🦅
animals	🦆
animals	🦢
animals	🦉
animals	🦤
animals	🪶
animals	🦩
animals	🦚
animals	🦜
animals	🪽
animals	🐦‍⬛
animals	🪿
animals	🐦‍🔥
animals	🐸
animals	🐊
animals	🐢
animals	🦎
animals	🐍
animals	🐲
animals	🐉
animals	🦕
animals	🦖
animals	🐳
animals	🐋
animals	🐬
animals	🫍
animals	🦭
animals	🐟
animals	🐠
animals	🐡
animals	🦈
animals	🐙
animals	🐚
animals	🪸
animals	🪼
animals	🦀
animals	🦞
animals	🦐
animals	🦑
animals	🦪
animals	🐌
animals	🦋
animals	🐛
animals	🐜
animals	🐝
animals	🪲
animals	🐞
animals	🦗
animals	🪳
animals	🕷️
animals	🕸️
animals	🦂
animals	🦟
animals	🪰
animals	🪱
animals	🦠
animals	💐
animals	🌸
animals	💮
animals	🪷
animals	🏵️
animals	🌹
animals	🥀
animals	🌺
animals	🌻
animals	🌼
animals	🌷
animals	🪻
animals	🌱
animals	🪴
animals	🌲
animals	🌳
animals	🌴
animals	🌵
animals	🌾
animals	🌿
animals	☘️
animals	🍀
animals	🍁
animals	🍂
animals	🍃
animals	🪹
animals	🪺
animals	🍄
animals	🪾
food	🍇
food	🍈
food	🍉
food	🍊
food	🍋
food	🍋‍🟩
food	🍌
food	🍍
food	🥭
food	🍎
food	🍏
food	🍐
food	🍑
food	🍒
food	🍓
food	🫐
food	🥝
food	🍅
food	🫒
food	🥥
food	🥑
food	🍆
food	🥔
food	🥕
food	🌽
food	🌶️
food	🫑
food	🥒
food	🥬
food	🥦
food	🧄
food	🧅
food	🥜
food	🫘
food	🌰
food	🫚
food	🫛
food	🍄‍🟫
food	🫜
food	🍞
food	🥐
food	🥖
food	🫓
food	🥨
food	🥯
food	🥞
food	🧇
food	🧀
food	🍖
food	🍗
food	🥩
food	🥓
food	🍔
food	🍟
food	🍕
food	🌭
food	🥪
food	🌮
food	🌯
food	🫔
food	🥙
food	🧆
food	🥚
food	🍳
food	🥘
food	🍲
food	🫕
food	🥣
food	🥗
food	🍿
food	🧈
food	🧂
food	🥫
food	🍱
food	🍘
food	🍙
food	🍚
food	🍛
food	🍜
food	🍝
food	🍠
food	🍢
food	🍣
food	🍤
food	🍥
food	🥮
food	🍡
food	🥟
food	🥠
food	🥡
food	🍦
food	🍧
food	🍨
food	🍩
food	🍪
food	🎂
food	🍰
food	🧁
food	🥧
food	🍫
food	🍬
food	🍭
food	🍮
food	🍯
food	🍼
food	🥛
food	☕
food	🫖
food	🍵
food	🍶
food	🍾
food	🍷
food	🍸
food	🍹
food	🍺
food	🍻
food	🥂
food	🥃
food	🫗
food	🥤
food	🧋
food	🧃
food	🧉
food	🧊
food	🥢
food	🍽️
food	🍴
food	🥄
food	🔪
food	🫙
food	🏺
activity	🎃
activity	🎄
activity	🎆
activity	🎇
activity	🧨
activity	✨
activity	🎈
activity	🎉
activity	🎊
activity	🎋
activity	🎍
activity	🎎
activity	🎏
activity	🎐
activity	🎑
activity	🧧
activity	🎀
activity	🎁
activity	🎗️
activity	🎟️
activity	🎫
activity	🎖️
activity	🏆
activity	🏅
activity	🥇
activity	🥈
activity	🥉
activity	⚽
activity	⚾
activity	🥎
activity	🏀
activity	🏐
activity	🏈
activity	🏉
activity	🎾
activity	🥏
activity	🎳
activity	🏏
activity	🏑
activity	🏒
activity	🥍
activity	🏓
activity	🏸
activity	🥊
activity	🥋
activity	🥅
activity	⛳
activity	⛸️
activity	🎣
activity	🤿
activity	🎽
activity	🎿
activity	🛷
activity	🥌
activity	🎯
activity	🪀
activity	🪁
activity	🔫
activity	🎱
activity	🔮
activity	🪄
activity	🎮
activity	🕹️
activity	🎰
activity	🎲
activity	🧩
activity	🧸
activity	🪅
activity	🪩
activity	🪆
activity	♠️
activity	♥️
activity	♦️
activity	♣️
activity	♟️
activity	🃏
activity	🀄
activity	🎴
activity	🎭
activity	🖼️
activity	🎨
activity	🧵
activity	🪡
activity	🧶
activity	🪢
travel	🌍
travel	🌎
travel	🌏
travel	🌐
travel	🗺️
travel	🗾
travel	🧭
travel	🏔️
travel	⛰️
travel	🛘
travel	🌋
travel	🗻
travel	🏕️
travel	🏖️
travel	🏜️
travel	🏝️
travel	🏞️
travel	🏟️
travel	🏛️
travel	🏗️
travel	🧱
travel	🪨
travel	🪵
travel	🛖
travel	🏘️
travel	🏚️
travel	🏠
travel	🏡
travel	🏢
travel	🏣
travel	🏤
travel	🏥
travel	🏦
travel	🏨
travel	🏩
travel	🏪
travel	🏫
travel	🏬
travel	🏭
travel	🏯
travel	🏰
travel	💒
travel	🗼
travel	🗽
travel	⛪
travel	🕌
travel	🛕
travel	🕍
travel	⛩️
travel	🕋
travel	⛲
travel	⛺
travel	🌁
travel	🌃
travel	🏙️
travel	🌄
travel	🌅
travel	🌆
travel	🌇
travel	🌉
travel	♨️
travel	🎠
travel	🛝
travel	🎡
travel	🎢
travel	💈
travel	🎪
travel	🚂
travel	🚃
travel	🚄
travel	🚅
travel	🚆
travel	🚇
travel	🚈
travel	🚉
travel	🚊
travel	🚝
travel	🚞
travel	🚋
travel	🚌
travel	🚍
travel	🚎
travel	🚐
travel	🚑
travel	🚒
travel	🚓
travel	🚔
travel	🚕
travel	🚖
travel	🚗
travel	🚘
travel	🚙
travel	🛻
travel	🚚
travel	🚛
travel	🚜
travel	🏎️
travel	🏍️
travel	🛵
travel	🦽
travel	🦼
travel	🛺
travel	🚲
travel	🛴
travel	🛹
travel	🛼
travel	🚏
travel	🛣️
travel	🛤️
travel	🛢️
travel	⛽
travel	🛞
travel	🚨
travel	🚥
travel	🚦
travel	🛑
travel	🚧
travel	⚓
travel	🛟
travel	⛵
travel	🛶
travel	🚤
travel	🛳️
travel	⛴️
travel	🛥️
travel	🚢
travel	✈️
travel	🛩️
travel	🛫
travel	🛬
travel	🪂
travel	💺
travel	🚁
travel	🚟
travel	🚠
travel	🚡
travel	🛰️
travel	🚀
travel	🛸
travel	🛎️
travel	🧳
travel	⌛
travel	⏳
travel	⌚
travel	⏰
travel	⏱️
travel	⏲️
travel	🕰️
travel	🕛
travel	🕧
travel	🕐
travel	🕜
travel	🕑
travel	🕝
travel	🕒
travel	🕞
travel	🕓
travel	🕟
travel	🕔
travel	🕠
travel	🕕
travel	🕡
travel	🕖
travel	🕢
travel	🕗
travel	🕣
travel	🕘
travel	🕤
travel	🕙
travel	🕥
travel	🕚
travel	🕦
travel	🌑
travel	🌒
travel	🌓
travel	🌔
travel	🌕
travel	🌖
travel	🌗
travel	🌘
travel	🌙
travel	🌚
travel	🌛
travel	🌜
travel	🌡️
travel	☀️
travel	🌝
travel	🌞
travel	🪐
travel	⭐
travel	🌟
travel	🌠
travel	🌌
travel	☁️
travel	⛅
travel	⛈️
travel	🌤️
travel	🌥️
travel	🌦️
travel	🌧️
travel	🌨️
travel	🌩️
travel	🌪️
travel	🌫️
travel	🌬️
travel	🌀
travel	🌈
travel	🌂
travel	☂️
travel	☔
travel	⛱️
travel	⚡
travel	❄️
travel	☃️
travel	⛄
travel	☄️
travel	🔥
travel	💧
travel	🌊
objects	👓
objects	🕶️
objects	🥽
objects	🥼
objects	🦺
objects	👔
objects	👕
objects	👖
objects	🧣
objects	🧤
objects	🧥
objects	🧦
objects	👗
objects	👘
objects	🥻
objects	🩱
objects	🩲
objects	🩳
objects	👙
objects	👚
objects	🪭
objects	👛
objects	👜
objects	👝
objects	🛍️
objects	🎒
objects	🩴
objects	👞
objects	👟
objects	🥾
objects	🥿
objects	👠
objects	👡
objects	🩰
objects	👢
objects	🪮
objects	👑
objects	👒
objects	🎩
objects	🎓
objects	🧢
objects	🪖
objects	⛑️
objects	📿
objects	💄
objects	💍
objects	💎
objects	🔇
objects	🔈
objects	🔉
objects	🔊
objects	📢
objects	📣
objects	📯
objects	🔔
objects	🔕
objects	🎼
objects	🎵
objects	🎶
objects	🎙️
objects	🎚️
objects	🎛️
objects	🎤
objects	🎧
objects	📻
objects	🎷
objects	🎺
objects	🪊
objects	🪗
objects	🎸
objects	🎹
objects	🎻
objects	🪕
objects	🥁
objects	🪘
objects	🪇
objects	🪈
objects	🪉
objects	📱
objects	📲
objects	☎️
objects	📞
objects	📟
objects	📠
objects	🔋
objects	🪫
objects	🔌
objects	💻
objects	🖥️
objects	🖨️
objects	⌨️
objects	🖱️
objects	🖲️
objects	💽
objects	💾
objects	💿
objects	📀
objects	🧮
objects	🎥
objects	🎞️
objects	📽️
objects	🎬
objects	📺
objects	📷
objects	📸
objects	📹
objects	📼
objects	🔍
objects	🔎
objects	🕯️
objects	💡
objects	🔦
objects	🏮
objects	🪔
objects	📔
objects	📕
objects	📖
objects	📗
objects	📘
objects	📙
objects	📚
objects	📓
objects	📒
objects	📃
objects	📜
objects	📄
objects	📰
objects	🗞️
objects	📑
objects	🔖
objects	🏷️
objects	🪙
objects	💰
objects	🪎
objects	💴
objects	💵
objects	💶
objects	💷
objects	💸
objects	💳
objects	🧾
objects	💹
objects	✉️
objects	📧
objects	📨
objects	📩
objects	📤
objects	📥
objects	📦
objects	📫
objects	📪
objects	📬
objects	📭
objects	📮
objects	🗳️
objects	✏️
objects	✒️
objects	🖋️
objects	🖊️
objects	🖌️
objects	🖍️
objects	📝
objects	💼
objects	📁
objects	📂
objects	🗂️
objects	📅
objects	📆
objects	🗒️
objects	🗓️
objects	📇
objects	📈
objects	📉
objects	📊
objects	📋
objects	📌
objects	📍
objects	📎
objects	🖇️
objects	📏
objects	📐
objects	✂️
objects	🗃️
objects	🗄️
objects	🗑️
objects	🔒
objects	🔓
objects	🔏
objects	🔐
objects	🔑
objects	🗝️
objects	🔨
objects	🪓
objects	⛏️
objects	⚒️
objects	🛠️
objects	🗡️
objects	⚔️
objects	💣
objects	🪃
objects	🏹
objects	🛡️
objects	🪚
objects	🔧
objects	🪛
objects	🔩
objects	⚙️
objects	🗜️
objects	⚖️
objects	🦯
objects	🔗
objects	⛓️‍💥
objects	⛓️
objects	🪝
objects	🧰
objects	🧲
objects	🪜
objects	🪏
objects	⚗️
objects	🧪
objects	🧫
objects	🧬
objects	🔬
objects	🔭
objects	📡
objects	💉
objects	🩸
objects	💊
objects	🩹
objects	🩼
objects	🩺
objects	🩻
objects	🚪
objects	🛗
objects	🪞
objects	🪟
objects	🛏️
objects	🛋️
objects	🪑
objects	🚽
objects	🪠
objects	🚿
objects	🛁
objects	🪤
objects	🪒
objects	🧴
objects	🧷
objects	🧹
objects	🧺
objects	🧻
objects	🪣
objects	🧼
objects	🫧
objects	🪥
objects	🧽
objects	🧯
objects	🛒
objects	🚬
objects	⚰️
objects	🪦
objects	⚱️
objects	🧿
objects	🪬
objects	🗿
objects	🪧
objects	🪪
symbols	🏧
symbols	🚮
symbols	🚰
symbols	♿
symbols	🚹
symbols	🚺
symbols	🚻
symbols	🚼
symbols	🚾
symbols	🛂
symbols	🛃
symbols	🛄
symbols	🛅
symbols	⚠️
symbols	🚸
symbols	⛔
symbols	🚫
symbols	🚳
symbols	🚭
symbols	🚯
symbols	🚱
symbols	🚷
symbols	📵
symbols	🔞
symbols	☢️
symbols	☣️
symbols	⬆️
symbols	↗️
symbols	➡️
symbols	↘️
symbols	⬇️
symbols	↙️
symbols	⬅️
symbols	↖️
symbols	↕️
symbols	↔️
symbols	↩️
symbols	↪️
symbols	⤴️
symbols	⤵️
symbols	🔃
symbols	🔄
symbols	🔙
symbols	🔚
symbols	🔛
symbols	🔜
symbols	🔝
symbols	🛐
symbols	⚛️
symbols	🕉️
symbols	✡️
symbols	☸️
symbols	☯️
symbols	✝️
symbols	☦️
symbols	☪️
symbols	☮️
symbols	🕎
symbols	🔯
symbols	🪯
symbols	♈
symbols	♉
symbols	♊
symbols	♋
symbols	♌
symbols	♍
symbols	♎
symbols	♏
symbols	♐
symbols	♑
symbols	♒
symbols	♓
symbols	⛎
symbols	🔀
symbols	🔁
symbols	🔂
symbols	▶️
symbols	⏩
symbols	⏭️
symbols	⏯️
symbols	◀️
symbols	⏪
symbols	⏮️
symbols	🔼
symbols	⏫
symbols	🔽
symbols	⏬
symbols	⏸️
symbols	⏹️
symbols	⏺️
symbols	⏏️
symbols	🎦
symbols	🔅
symbols	🔆
symbols	📶
symbols	🛜
symbols	📳
symbols	📴
symbols	♀️
symbols	♂️
symbols	⚧️
symbols	✖️
symbols	➕
symbols	➖
symbols	➗
symbols	🟰
symbols	♾️
symbols	‼️
symbols	⁉️
symbols	❓
symbols	❔
symbols	❕
symbols	❗
symbols	〰️
symbols	💱
symbols	💲
symbols	⚕️
symbols	♻️
symbols	⚜️
symbols	🔱
symbols	📛
symbols	🔰
symbols	⭕
symbols	✅
symbols	☑️
symbols	✔️
symbols	❌
symbols	❎
symbols	➰
symbols	➿
symbols	〽️
symbols	✳️
symbols	✴️
symbols	❇️
symbols	©️
symbols	®️
symbols	™️
symbols	🫟
symbols	#️⃣
symbols	*️⃣
symbols	0️⃣
symbols	1️⃣
symbols	2️⃣
symbols	3️⃣
symbols	4️⃣
symbols	5️⃣
symbols	6️⃣
symbols	7️⃣
symbols	8️⃣
symbols	9️⃣
symbols	🔟
symbols	🔠
symbols	🔡
symbols	🔢
symbols	🔣
symbols	🔤
symbols	🅰️
symbols	🆎
symbols	🅱️
symbols	🆑
symbols	🆒
symbols	🆓
symbols	ℹ️
symbols	🆔
symbols	Ⓜ️
symbols	🆕
symbols	🆖
symbols	🅾️
symbols	🆗
symbols	🅿️
symbols	🆘
symbols	🆙
symbols	🆚
symbols	🈁
symbols	🈂️
symbols	🈷️
symbols	🈶
symbols	🈯
symbols	🉐
symbols	🈹
symbols	🈚
symbols	🈲
symbols	🉑
symbols	🈸
symbols	🈴
symbols	🈳
symbols	㊗️
symbols	㊙️
symbols	🈺
symbols	🈵
symbols	🔴
symbols	🟠
symbols	🟡
symbols	🟢
symbols	🔵
symbols	🟣
symbols	🟤
symbols	⚫
symbols	⚪
symbols	🟥
symbols	🟧
symbols	🟨
symbols	🟩
symbols	🟦
symbols	🟪
symbols	🟫
symbols	⬛
symbols	⬜
symbols	◼️
symbols	◻️
symbols	◾
symbols	◽
symbols	▪️
symbols	▫️
symbols	🔶
symbols	🔷
symbols	🔸
symbols	🔹
symbols	🔺
symbols	🔻
symbols	💠
symbols	🔘
symbols	🔳
symbols	🔲
flags	🏁
flags	🚩
flags	🎌
flags	🏴
flags	🏳️
flags	🏳️‍🌈
flags	🏳️‍⚧️
flags	🏴‍☠️
flags	🇦🇨
flags	🇦🇩
flags	🇦🇪
flags	🇦🇫
flags	🇦🇬
flags	🇦🇮
flags	🇦🇱
flags	🇦🇲
flags	🇦🇴
flags	🇦🇶
flags	🇦🇷
flags	🇦🇸
flags	🇦🇹
flags	🇦🇺
flags	🇦🇼
flags	🇦🇽
flags	🇦🇿
flags	🇧🇦
flags	🇧🇧
flags	🇧🇩
flags	🇧🇪
flags	🇧🇫
flags	🇧🇬
flags	🇧🇭
flags	🇧🇮
flags	🇧🇯
flags	🇧🇱
flags	🇧🇲
flags	🇧🇳
flags	🇧🇴
flags	🇧🇶
flags	🇧🇷
flags	🇧🇸
flags	🇧🇹
flags	🇧🇻
flags	🇧🇼
flags	🇧🇾
flags	🇧🇿
flags	🇨🇦
flags	🇨🇨
flags	🇨🇩
flags	🇨🇫
flags	🇨🇬
flags	🇨🇭
flags	🇨🇮
flags	🇨🇰
flags	🇨🇱
flags	🇨🇲
flags	🇨🇳
flags	🇨🇴
flags	🇨🇵
flags	🇨🇶
flags	🇨🇷
flags	🇨🇺
flags	🇨🇻
flags	🇨🇼
flags	🇨🇽
flags	🇨🇾
flags	🇨🇿
flags	🇩🇪
flags	🇩🇬
flags	🇩🇯
flags	🇩🇰
flags	🇩🇲
flags	🇩🇴
flags	🇩🇿
flags	🇪🇦
flags	🇪🇨
flags	🇪🇪
flags	🇪🇬
flags	🇪🇭
flags	🇪🇷
flags	🇪🇸
flags	🇪🇹
flags	🇪🇺
flags	🇫🇮
flags	🇫🇯
flags	🇫🇰
flags	🇫🇲
flags	🇫🇴
flags	🇫🇷
flags	🇬🇦
flags	🇬🇧
flags	🇬🇩
flags	🇬🇪
flags	🇬🇫
flags	🇬🇬
flags	🇬🇭
flags	🇬🇮
flags	🇬🇱
flags	🇬🇲
flags	🇬🇳
flags	🇬🇵
flags	🇬🇶
flags	🇬🇷
flags	🇬🇸
flags	🇬🇹
flags	🇬🇺
flags	🇬🇼
flags	🇬🇾
flags	🇭🇰
flags	🇭🇲
flags	🇭🇳
flags	🇭🇷
flags	🇭🇹
flags	🇭🇺
flags	🇮🇨
flags	🇮🇩
flags	🇮🇪
flags	🇮🇱
flags	🇮🇲
flags	🇮🇳
flags	🇮🇴
flags	🇮🇶
flags	🇮🇷
flags	🇮🇸
flags	🇮🇹
flags	🇯🇪
flags	🇯🇲
flags	🇯🇴
flags	🇯🇵
flags	🇰🇪
flags	🇰🇬
flags	🇰🇭
flags	🇰🇮
flags	🇰🇲
flags	🇰🇳
flags	🇰🇵
flags	🇰🇷
flags	🇰🇼
flags	🇰🇾
flags	🇰🇿
flags	🇱🇦
flags	🇱🇧
flags	🇱🇨
flags	🇱🇮
flags	🇱🇰
flags	🇱🇷
flags	🇱🇸
flags	🇱🇹
flags	🇱🇺
flags	🇱🇻
flags	🇱🇾
flags	🇲🇦
flags	🇲🇨
flags	🇲🇩
flags	🇲🇪
flags	🇲🇫
flags	🇲🇬
flags	🇲🇭
flags	🇲🇰
flags	🇲🇱
flags	🇲🇲
flags	🇲🇳
flags	🇲🇴
flags	🇲🇵
flags	🇲🇶
flags	🇲🇷
flags	🇲🇸
flags	🇲🇹
flags	🇲🇺
flags	🇲🇻
flags	🇲🇼
flags	🇲🇽
flags	🇲🇾
flags	🇲🇿
flags	🇳🇦
flags	🇳🇨
flags	🇳🇪
flags	🇳🇫
flags	🇳🇬
flags	🇳🇮
flags	🇳🇱
flags	🇳🇴
flags	🇳🇵
flags	🇳🇷
flags	🇳🇺
flags	🇳🇿
flags	🇴🇲
flags	🇵🇦
flags	🇵🇪
flags	🇵🇫
flags	🇵🇬
flags	🇵🇭
flags	🇵🇰
flags	🇵🇱
flags	🇵🇲
flags	🇵🇳
flags	🇵🇷
flags	🇵🇸
flags	🇵🇹
flags	🇵🇼
flags	🇵🇾
flags	🇶🇦
flags	🇷🇪
flags	🇷🇴
flags	🇷🇸
flags	🇷🇺
flags	🇷🇼
flags	🇸🇦
flags	🇸🇧
flags	🇸🇨
flags	🇸🇩
flags	🇸🇪
flags	🇸🇬
flags	🇸🇭
flags	🇸🇮
flags	🇸🇯
flags	🇸🇰
flags	🇸🇱
flags	🇸🇲
flags	🇸🇳
flags	🇸🇴
flags	🇸🇷
flags	🇸🇸
flags	🇸🇹
flags	🇸🇻
flags	🇸🇽
flags	🇸🇾
flags	🇸🇿
flags	🇹🇦
flags	🇹🇨
flags	🇹🇩
flags	🇹🇫
flags	🇹🇬
flags	🇹🇭
flags	🇹🇯
flags	🇹🇰
flags	🇹🇱
flags	🇹🇲
flags	🇹🇳
flags	🇹🇴
flags	🇹🇷
flags	🇹🇹
flags	🇹🇻
flags	🇹🇼
flags	🇹🇿
flags	🇺🇦
flags	🇺🇬
flags	🇺🇲
flags	🇺🇳
flags	🇺🇸
flags	🇺🇾
flags	🇺🇿
flags	🇻🇦
flags	🇻🇨
flags	🇻🇪
flags	🇻🇬
flags	🇻🇮
flags	🇻🇳
flags	🇻🇺
flags	🇼🇫
flags	🇼🇸
flags	🇽🇰
flags	🇾🇪
flags	🇾🇹
flags	🇿🇦
flags	🇿🇲
flags	🇿🇼
flags	🏴󠁧󠁢󠁥󠁮󠁧󠁿
flags	🏴󠁧󠁢󠁳󠁣󠁴󠁿
flags	🏴󠁧󠁢󠁷󠁬󠁳󠁿
